insert into talat_memb(mname,email,pwd,tel,birth,mtype)
    values('a가각간','aaa@test.com',password(1111),'010-2020-2020','1990-01-01',0);
    
    
    
    
insert into talat_memb(mname,email,pwd,tel,birth,mtype)
    values('b','bbb@test.com',password(1111),'010-2020-2020','1990-01-01',1);
    
insert into talat_memb(mname,email,pwd,tel,birth,mtype)
    values('c','ccc@test.com',password(1111),'010-2020-2020','1990-01-01',1);
    
insert into talat_memb(mname,email,pwd,tel,birth,mtype)
    values('d','ddd@test.com',password(1111),'010-2020-2020','1990-01-01',1);
    
insert into talat_memb(mname,email,pwd,tel,birth,mtype)
    values('e','eee@test.com',password(1111),'010-2020-2020','1990-01-01',1);
    
insert into talat_memb(mname,email,pwd,tel,birth,mtype)
    values('f','fff@test.com',password(1111),'010-2020-2020','1990-01-01',1);
    
insert into talat_memb(mname,email,pwd,tel,birth,mtype)
    values('g','ggg@test.com',password(1111),'010-2020-2020','1990-01-01',1);
    
insert into talat_memb(mname,email,pwd,tel,birth,mtype)
    values('h','hhh@test.com',password(1111),'010-2020-2020','1990-01-01',1);
    
insert into talat_memb(mname,email,pwd,tel,birth,mtype)
    values('i','iii@test.com',password(1111),'010-2020-2020','1990-01-01',1);
    
insert into talat_memb(mname,email,pwd,tel,birth,mtype)
    values('j','jjj@test.com',password(1111),'010-2020-2020','1990-01-01',1);
    



insert into talat_memb(mname,email,pwd,tel,birth,mtype)
    values('bbb','b@test.com',password(1111),'010-2020-2020','1990-01-01',2);
    
insert into talat_memb(mname,email,pwd,tel,birth,mtype)
    values('ccc','c@test.com',password(1111),'010-2020-2020','1990-01-01',2);
    
insert into talat_memb(mname,email,pwd,tel,birth,mtype)
    values('ddd','d@test.com',password(1111),'010-2020-2020','1990-01-01',2);
    
insert into talat_memb(mname,email,pwd,tel,birth,mtype)
    values('eee','e@test.com',password(1111),'010-2020-2020','1990-01-01',2);
    
insert into talat_memb(mname,email,pwd,tel,birth,mtype)
    values('fff','f@test.com',password(1111),'010-2020-2020','1990-01-01',2);
    
insert into talat_memb(mname,email,pwd,tel,birth,mtype)
    values('ggg','g@test.com',password(1111),'010-2020-2020','1990-01-01',2);
    
insert into talat_memb(mname,email,pwd,tel,birth,mtype)
    values('hhh','h@test.com',password(1111),'010-2020-2020','1990-01-01',2);
    
insert into talat_memb(mname,email,pwd,tel,birth,mtype)
    values('iii','i@test.com',password(1111),'010-2020-2020','1990-01-01',2);
    
insert into talat_memb(mname,email,pwd,tel,birth,mtype)
    values('jjj','j@test.com',password(1111),'010-2020-2020','1990-01-01',2);


    
    



insert into talat_join(mno,nic,gender,pst_no,basic_addr,det_addr,prof,pref_gender,star_avg,rev_avg)
    values(2,'bbbbb',1,12345,'서울특별시 비트구 비트로','비트캠프 3층','bbb.jpg',1,5.0,0);
    
insert into talat_join(mno,nic,gender,pst_no,basic_addr,det_addr,prof,pref_gender,star_avg,rev_avg)
    values(3,'ccccc',1,12345,'서울특별시 비트구 비트로','비트캠프 3층','ccc.jpg',1,5.0,0);
    
insert into talat_join(mno,nic,gender,pst_no,basic_addr,det_addr,prof,pref_gender,star_avg,rev_avg)
    values(4,'ddddd',1,12345,'서울특별시 비트구 비트로','비트캠프 3층','ddd.jpg',1,5.0,0);
    
insert into talat_join(mno,nic,gender,pst_no,basic_addr,det_addr,prof,pref_gender,star_avg,rev_avg)
    values(5,'eeeee',1,12345,'서울특별시 비트구 비트로','비트캠프 3층','eee.jpg',1,5.0,0);
    
insert into talat_join(mno,nic,gender,pst_no,basic_addr,det_addr,prof,pref_gender,star_avg,rev_avg)
    values(6,'fffff',0,12345,'서울특별시 비트구 비트로','비트캠프 3층','fff.jpg',0,5.0,0);
    
insert into talat_join(mno,nic,gender,pst_no,basic_addr,det_addr,prof,pref_gender,star_avg,rev_avg)
    values(7,'ggggg',0,12345,'서울특별시 비트구 비트로','비트캠프 3층','ggg.jpg',0,5.0,0);
    
insert into talat_join(mno,nic,gender,pst_no,basic_addr,det_addr,prof,pref_gender,star_avg,rev_avg)
    values(8,'hhhhh',0,12345,'서울특별시 비트구 비트로','비트캠프 3층','hhh.jpg',0,5.0,0);
    
insert into talat_join(mno,nic,gender,pst_no,basic_addr,det_addr,prof,pref_gender,star_avg,rev_avg)
    values(9,'iiiii',0,12345,'서울특별시 비트구 비트로','비트캠프 3층','iii.jpg',0,5.0,0);
    
insert into talat_join(mno,nic,gender,pst_no,basic_addr,det_addr,prof,pref_gender,star_avg,rev_avg)
    values(10,'jjjjj',0,12345,'서울특별시 비트구 비트로','비트캠프 3층','jjj.jpg',0,5.0,0);

    
    
    
insert into talat_join(mno,nic,gender,pst_no,basic_addr,det_addr,prof,pref_gender,star_avg,rev_avg)
    values(11,'가',1,12345,'서울특별시 비트구 비트로','비트캠프 3층','bbbbb.jpg',1,5.0,0);
    
insert into talat_join(mno,nic,gender,pst_no,basic_addr,det_addr,prof,pref_gender,star_avg,rev_avg)
    values(12,'나',1,12345,'서울특별시 비트구 비트로','비트캠프 3층','ccccc.jpg',1,5.0,0);
    
insert into talat_join(mno,nic,gender,pst_no,basic_addr,det_addr,prof,pref_gender,star_avg,rev_avg)
    values(13,'다',1,12345,'서울특별시 비트구 비트로','비트캠프 3층','ddddd.jpg',1,5.0,0);
    
insert into talat_join(mno,nic,gender,pst_no,basic_addr,det_addr,prof,pref_gender,star_avg,rev_avg)
    values(14,'라',1,12345,'서울특별시 비트구 비트로','비트캠프 3층','eeeee.jpg',1,5.0,0);
    
insert into talat_join(mno,nic,gender,pst_no,basic_addr,det_addr,prof,pref_gender,star_avg,rev_avg)
    values(15,'마',0,12345,'서울특별시 비트구 비트로','비트캠프 3층','fffff.jpg',0,5.0,0);
    
insert into talat_join(mno,nic,gender,pst_no,basic_addr,det_addr,prof,pref_gender,star_avg,rev_avg)
    values(16,'바',0,12345,'서울특별시 비트구 비트로','비트캠프 3층','ggggg.jpg',0,5.0,0);
    
insert into talat_join(mno,nic,gender,pst_no,basic_addr,det_addr,prof,pref_gender,star_avg,rev_avg)
    values(17,'사',0,12345,'서울특별시 비트구 비트로','비트캠프 3층','hhhhh.jpg',0,5.0,0);
    
insert into talat_join(mno,nic,gender,pst_no,basic_addr,det_addr,prof,pref_gender,star_avg,rev_avg)
    values(18,'아',0,12345,'서울특별시 비트구 비트로','비트캠프 3층','iiiii.jpg',0,5.0,0);
    
insert into talat_join(mno,nic,gender,pst_no,basic_addr,det_addr,prof,pref_gender,star_avg,rev_avg)
    values(19,'자',0,12345,'서울특별시 비트구 비트로','비트캠프 3층','jjjjj.jpg',0,5.0,0);







insert into talat_journey(mno,jdate,jtime,seat_psgr_cap,seat_rear_cap,pet,jfee,jcont) 
    values(2,'2021-5-12','8:50:00',1,0,1,5000,'장기이용자 여성 1명 있습니다. 괜찮으시면 연락주세요. ');

insert into talat_journey(mno,jdate,jtime,seat_psgr_cap,seat_rear_cap,pet,jfee,jcont) 
    values(3,'2021-5-12','8:50:00',1,0,1,5000,'소소한 대화하는 거 좋아합니다. ');

insert into talat_journey(mno,jdate,jtime,seat_psgr_cap,seat_rear_cap,pet,jfee,jcont) 
    values(4,'2021-5-12','8:50:00',1,0,1,5000,'장기이용자 여성 1명, 남성 1명 있어요. ');

insert into talat_journey(mno,jdate,jtime,seat_psgr_cap,seat_rear_cap,pet,jfee,jcont) 
    values(5,'2021-5-12','8:50:00',1,0,1,5000,'');

insert into talat_journey(mno,jdate,jtime,seat_psgr_cap,seat_rear_cap,pet,jfee,jcont) 
    values(6,'2021-5-12','8:50:00',1,0,1,5000,'장기이용자 없음');

insert into talat_journey(mno,jdate,jtime,seat_psgr_cap,seat_rear_cap,pet,jfee,jcont) 
    values(7,'2021-5-12','8:50:00',1,0,1,5000,'장기이용자 없어요. ');

insert into talat_journey(mno,jdate,jtime,seat_psgr_cap,seat_rear_cap,pet,jfee,jcont) 
    values(8,'2021-5-12','8:50:00',1,0,1,5000,'반려동물 환영입니다!');

insert into talat_journey(mno,jdate,jtime,seat_psgr_cap,seat_rear_cap,pet,jfee,jcont) 
    values(9,'2021-5-12','8:50:00',1,0,1,5000,'');
    
insert into talat_journey(mno,jdate,jtime,seat_psgr_cap,seat_rear_cap,pet,jfee,jcont) 
    values(10,'2021-5-12','8:50:00',1,0,1,5000,'');










insert into talat_journey_route(jno,spot_order,lat,lng,spot_name,spot_time) 
    values(1,1,37.50326795334012,127.02430725467384,'비트캠프','7:50:00');

insert into talat_journey_route(jno,spot_order,lat,lng,spot_name,spot_time) 
    values(1,2,37.51572240443466, 127.01995390348881,'신사역','8:10:00');

insert into talat_journey_route(jno,spot_order,lat,lng,spot_name,spot_time) 
    values(1,3,37.556133097848345, 126.97240282768777,'서울역','8:30:00');

insert into talat_journey_route(jno,spot_order,lat,lng,spot_name,spot_time) 
    values(1,4,37.57724467792968, 126.97691877294753, '광화문','8:50:00');


    
    
insert into talat_journey_route(jno,spot_order,lat,lng,spot_name,spot_time) 
    values(2,1,37.57724467792968, 126.97691877294753,'광화문','7:50:00');

insert into talat_journey_route(jno,spot_order,lat,lng,spot_name,spot_time) 
    values(2,2,37.556133097848345, 126.97240282768777,'서울역','8:10:00');

insert into talat_journey_route(jno,spot_order,lat,lng,spot_name,spot_time) 
    values(2,3,37.51572240443466, 127.01995390348881,'신사역','8:30:00');

insert into talat_journey_route(jno,spot_order,lat,lng,spot_name,spot_time) 
    values(2,4,37.50326795334012,127.02430725467384,'비트캠프','8:50:00');


    
    
insert into talat_journey_route(jno,spot_order,lat,lng,spot_name,spot_time) 
    values(3,1,37.57724467792968, 126.97691877294753,'광화문','7:50:00');

insert into talat_journey_route(jno,spot_order,lat,lng,spot_name,spot_time) 
    values(3,2,37.53629469418785, 126.9900527343035,'이태원제일교회','8:00:00');

insert into talat_journey_route(jno,spot_order,lat,lng,spot_name,spot_time) 
    values(3,3,37.50326795334012,127.02430725467384,'비트캠프','8:50:00');

    
    

insert into talat_journey_route(jno,spot_order,lat,lng,spot_name,spot_time) 
    values(4,1,37.51572240443466, 127.01995390348881,'신사역','7:10:00');

insert into talat_journey_route(jno,spot_order,lat,lng,spot_name,spot_time) 
    values(4,2,37.556133097848345, 126.97240282768777,'서울역','8:00:00');

insert into talat_journey_route(jno,spot_order,lat,lng,spot_name,spot_time) 
    values(4,3,37.48539376190059, 126.90161545473364, '구로디지털단지역','8:50:00');

    
    

insert into talat_journey_route(jno,spot_order,lat,lng,spot_name,spot_time) 
    values(5,1,37.499079132390186, 127.02658232085427,'강남역','7:10:00');

insert into talat_journey_route(jno,spot_order,lat,lng,spot_name,spot_time) 
    values(5,2,37.556133097848345, 126.97240282768777,'서울역','8:00:00');

insert into talat_journey_route(jno,spot_order,lat,lng,spot_name,spot_time) 
    values(5,3,37.48539376190059, 126.90161545473364, '구로디지털단지역','8:50:00');

    
    

insert into talat_journey_route(jno,spot_order,lat,lng,spot_name,spot_time) 
    values(6,1,37.557646052451325, 126.92439179515748,'홍대입구역','7:10:00');

insert into talat_journey_route(jno,spot_order,lat,lng,spot_name,spot_time) 
    values(6,2,37.51572240443466, 127.01995390348881,'신사역','8:00:00');

insert into talat_journey_route(jno,spot_order,lat,lng,spot_name,spot_time) 
    values(6,3,37.499079132390186, 127.02658232085427,'강남역','8:50:00');

    
    

insert into talat_journey_route(jno,spot_order,lat,lng,spot_name,spot_time) 
    values(7,1,37.56534675340219, 126.9776602419871,'서울광장 분수대','7:50:00');

insert into talat_journey_route(jno,spot_order,lat,lng,spot_name,spot_time) 
    values(7,2,37.539725486129115, 126.99729116941168,'그랜드하얏트 서울','8:10:00');

insert into talat_journey_route(jno,spot_order,lat,lng,spot_name,spot_time) 
    values(7,3,37.50326795334012,127.02430725467384,'고속터미널역','8:30:00');

insert into talat_journey_route(jno,spot_order,lat,lng,spot_name,spot_time) 
    values(7,4,37.499079132390186, 127.02658232085427,'강남역','8:50:00');


    
    
insert into talat_journey_route(jno,spot_order,lat,lng,spot_name,spot_time) 
    values(8,1,37.50326795334012,127.02430725467384,'고속터미널역','7:50:00');

insert into talat_journey_route(jno,spot_order,lat,lng,spot_name,spot_time) 
    values(8,2,37.499079132390186, 127.02658232085427,'강남역','8:30:00');

insert into talat_journey_route(jno,spot_order,lat,lng,spot_name,spot_time) 
    values(8,3,37.505209315497865, 127.02443464674637, '교보문고 강남점','8:50:00');

    
    

insert into talat_journey_route(jno,spot_order,lat,lng,spot_name,spot_time) 
    values(7,1,37.621930705941516, 127.07873319407591,'묵동자이 1단지','7:50:00');

insert into talat_journey_route(jno,spot_order,lat,lng,spot_name,spot_time) 
    values(7,2,37.60455167428246, 127.07483463748818,'배꽃공원','8:10:00');

insert into talat_journey_route(jno,spot_order,lat,lng,spot_name,spot_time) 
    values(7,3,37.59019060832125, 127.05798188188558,'회기역','8:10:00');

insert into talat_journey_route(jno,spot_order,lat,lng,spot_name,spot_time) 
    values(7,4,37.58730007683181, 127.0263040009816,'고려대학교 안암병원','8:30:00');

insert into talat_journey_route(jno,spot_order,lat,lng,spot_name,spot_time) 
    values(7,5,37.57035455837699, 126.98318626817004,'종각역','8:50:00');


  
    
insert into talat_journey(mno,jdate,jtime,seat_psgr_cap,seat_rear_cap,pet,jfee,jcont) 
    values(2,'2021-5-12','8:50:00',1,0,1,5000,'');
    
    insert into talat_journey_route(jno,spot_order,lat,lng,spot_name,spot_time) 
    values(10,1,37.621930705941516, 127.07873319407591,'a','7:50:00');
    insert into talat_journey_route(jno,spot_order,lat,lng,spot_name,spot_time) 
    values(10,2,37.621930705941516, 127.07873319407591,'b','8:10:00');
    insert into talat_journey_route(jno,spot_order,lat,lng,spot_name,spot_time) 
    values(10,3,37.621930705941516, 127.07873319407591,'d','8:30:00');
    insert into talat_journey_route(jno,spot_order,lat,lng,spot_name,spot_time) 
    values(10,4,37.621930705941516, 127.07873319407591,'f','9:00:00');
    
insert into talat_journey(mno,jdate,jtime,seat_psgr_cap,seat_rear_cap,pet,jfee,jcont) 
    values(3,'2021-5-12','8:50:00',1,0,1,5000,'');
    
    insert into talat_journey_route(jno,spot_order,lat,lng,spot_name,spot_time) 
    values(11,1,37.621930705941516, 127.07873319407591,'a','7:50:00');
    insert into talat_journey_route(jno,spot_order,lat,lng,spot_name,spot_time) 
    values(11,2,37.621930705941516, 127.07873319407591,'b','8:10:00');
    insert into talat_journey_route(jno,spot_order,lat,lng,spot_name,spot_time) 
    values(11,3,37.621930705941516, 127.07873319407591,'c','8:30:00');
    
insert into talat_journey(mno,jdate,jtime,seat_psgr_cap,seat_rear_cap,pet,jfee,jcont) 
    values(4,'2021-5-12','8:50:00',1,0,1,5000,'');
    
    insert into talat_journey_route(jno,spot_order,lat,lng,spot_name,spot_time) 
    values(12,1,37.621930705941516, 127.07873319407591,'b','7:50:00');
    insert into talat_journey_route(jno,spot_order,lat,lng,spot_name,spot_time) 
    values(12,2,37.621930705941516, 127.07873319407591,'d','8:10:00');
    insert into talat_journey_route(jno,spot_order,lat,lng,spot_name,spot_time) 
    values(12,3,37.621930705941516, 127.07873319407591,'e','8:30:00');
    
insert into talat_journey(mno,jdate,jtime,seat_psgr_cap,seat_rear_cap,pet,jfee,jcont) 
    values(5,'2021-5-12','8:50:00',1,0,1,5000,'');
    
    insert into talat_journey_route(jno,spot_order,lat,lng,spot_name,spot_time) 
    values(13,1,37.621930705941516, 127.07873319407591,'a','7:50:00');
    insert into talat_journey_route(jno,spot_order,lat,lng,spot_name,spot_time) 
    values(13,2,37.621930705941516, 127.07873319407591,'b','8:10:00');
    insert into talat_journey_route(jno,spot_order,lat,lng,spot_name,spot_time) 
    values(13,3,37.621930705941516, 127.07873319407591,'c','8:30:00');
    insert into talat_journey_route(jno,spot_order,lat,lng,spot_name,spot_time) 
    values(13,4,37.621930705941516, 127.07873319407591,'d','8:50:00');
    
insert into talat_journey(mno,jdate,jtime,seat_psgr_cap,seat_rear_cap,pet,jfee,jcont) 
    values(6,'2021-5-12','8:50:00',1,0,1,5000,'');
    
    insert into talat_journey_route(jno,spot_order,lat,lng,spot_name,spot_time) 
    values(14,1,37.621930705941516, 127.07873319407591,'c','7:50:00');
    insert into talat_journey_route(jno,spot_order,lat,lng,spot_name,spot_time) 
    values(14,2,37.621930705941516, 127.07873319407591,'b','8:10:00');
    insert into talat_journey_route(jno,spot_order,lat,lng,spot_name,spot_time) 
    values(14,3,37.621930705941516, 127.07873319407591,'a','8:30:00');
    
insert into talat_journey(mno,jdate,jtime,seat_psgr_cap,seat_rear_cap,pet,jfee,jcont) 
    values(7,'2021-5-12','8:50:00',1,0,1,5000,'');
    
    insert into talat_journey_route(jno,spot_order,lat,lng,spot_name,spot_time) 
    values(15,1,37.621930705941516, 127.07873319407591,'b','7:50:00');
    insert into talat_journey_route(jno,spot_order,lat,lng,spot_name,spot_time) 
    values(15,2,37.621930705941516, 127.07873319407591,'a','8:10:00');
    
insert into talat_journey(mno,jdate,jtime,seat_psgr_cap,seat_rear_cap,pet,jfee,jcont) 
    values(8,'2021-5-12','8:50:00',1,0,0,5000,'');
    
    insert into talat_journey_route(jno,spot_order,lat,lng,spot_name,spot_time) 
    values(16,1,37.621930705941516, 127.07873319407591,'e','7:50:00');
    insert into talat_journey_route(jno,spot_order,lat,lng,spot_name,spot_time) 
    values(16,2,37.621930705941516, 127.07873319407591,'d','8:10:00');
    insert into talat_journey_route(jno,spot_order,lat,lng,spot_name,spot_time) 
    values(16,3,37.621930705941516, 127.07873319407591,'c','8:30:00');
    
insert into talat_journey(mno,jdate,jtime,seat_psgr_cap,seat_rear_cap,pet,jfee,jcont) 
    values(9,'2021-5-12','8:50:00',1,0,0,5000,'');
    
    insert into talat_journey_route(jno,spot_order,lat,lng,spot_name,spot_time) 
    values(17,1,37.621930705941516, 127.07873319407591,'c','7:50:00');
    insert into talat_journey_route(jno,spot_order,lat,lng,spot_name,spot_time) 
    values(17,2,37.621930705941516, 127.07873319407591,'e','8:10:00');
    insert into talat_journey_route(jno,spot_order,lat,lng,spot_name,spot_time) 
    values(17,3,37.621930705941516, 127.07873319407591,'f','8:30:00');
    
insert into talat_journey(mno,jdate,jtime,seat_psgr_cap,seat_rear_cap,pet,jfee,jcont) 
    values(10,'2021-5-12','8:50:00',1,0,0,5000,'');
    
    insert into talat_journey_route(jno,spot_order,lat,lng,spot_name,spot_time) 
    values(18,1,37.621930705941516, 127.07873319407591,'d','7:50:00');
    insert into talat_journey_route(jno,spot_order,lat,lng,spot_name,spot_time) 
    values(18,2,37.621930705941516, 127.07873319407591,'c','8:10:00');
    insert into talat_journey_route(jno,spot_order,lat,lng,spot_name,spot_time) 
    values(18,3,37.621930705941516, 127.07873319407591,'b','8:30:00');
    insert into talat_journey_route(jno,spot_order,lat,lng,spot_name,spot_time) 
    values(18,4,37.621930705941516, 127.07873319407591,'a','8:50:00');
    
    
    
    
    
    
insert into talat_journey_rider(jno,mstat,dstar,rstar,mno)
    values(1,1,5,5,11);
insert into talat_journey_rider(jno,mstat,mno)
    values(2,0,12);
insert into talat_journey_rider(jno,mstat,dstar,rstar,mno)
    values(3,1,4,3,13);
insert into talat_journey_rider(jno,mstat,dstar,rstar,mno)
    values(4,1,5,2,14);
insert into talat_journey_rider(jno,mstat,mno)
    values(5,0,15);
insert into talat_journey_rider(jno,mstat,mcont,mno)
    values(6,0,'인원초과',16);
    
insert into talat_journey_rider(jno,mstat,mno)
    values(16,0,12);
insert into talat_journey_rider(jno,mstat,dstar,rstar,mno)
    values(17,1,4,3,12);
insert into talat_journey_rider(jno,mstat,dstar,rstar,mno)
    values(18,1,5,5,12);
    
    
insert into talat_qna(qno,qtitle)
    values(1,'분실물 문의');
insert into talat_qna(qno,qtitle)
    values(2,'안전문제보고');
insert into talat_qna(qno,qtitle)
    values(3,'파트너의 의견 제공');
insert into talat_qna(qno,qtitle)
    values(4,'여정 관련 고객지원');
    

    
insert into talat_qna_rider(qno,qtitle,rjno,rqdate,answ_stat_r,rqcont,answ_cont_r,rfile) 
    values(1,'분실물 문의',1,'2021-05-15 15:30:00',1,
    '아ㅠ 출근 급해서 바빠서 급하게 내리다가 지갑을 두고 왔어요ㅠ',
    '문의주신 분실 건은 드라이버님께 전달드렸습니다. ','abcde.png');

insert into talat_qna_rider(qno,qtitle,rjno,rqdate,rqcont) 
    values(1,'분실물 문의',1,'2021-05-20 9:10:00','에어팟 분실');
    
insert into talat_qna_rider(qno,qtitle,rjno,rqdate,rqcont,rfile) 
    values(2,'안전문제보고',3,'2021-05-18 18:40:00','난폭운전 신고','zzzzz.jpeg');
    
insert into talat_qna_rider(qno,qtitle,rjno,rqdate,rqcont) 
    values(3,'파트너의 의견 제공',3,'2021-05-18 18:45:00','욕설을 계속 합니다. ');

insert into talat_qna_rider(qno,qtitle,rjno,rqdate,rqcont) 
    values(3,'파트너의 의견 제공',4,'2021-05-23 12:05:00','마스크 안씀');
    
insert into talat_qna_rider(qno,qtitle,rjno,rqdate,rqcont) 
    values(3,'파트너의 의견 제공',4,'2021-05-23 12:05:00','마스크 안씀');
    
    

insert into talat_review(rev_no,rev)
    values(1,'친절해요!');
insert into talat_review(rev_no,rev)
    values(2,'편안해요!');
insert into talat_review(rev_no,rev)
    values(3,'깨끗해요!');
insert into talat_review(rev_no,rev)
    values(4,'약속된 곳에서 만났어요!');
insert into talat_review(rev_no,rev)
    values(5,'시간 잘 지켜요!');
insert into talat_review(rev_no,rev)
    values(6,'약속 잘 지켜요!');
    
    


    